Designator,Footprint,Quantity,Value,LCSC Part #
"_2, ",,2,,
"J1001, J1002",PinSocket_1x12_P2.54mm_Vertical,2,Conn_01x01_Socket,
J1003,vik-module-connector-horizontal,1,~,C2919557
"JP1001, JP1002, JP1003, JP1004, JP1005, JP1006, JP1007, JP1008, JP1009, JP1010, JP1011, JP1012, JP1013, JP1014, JP1015, JP1016, JP1017, JP1018, JP1019, JP1020, JP1021, JP1022, JP1023, JP1024, JP1025, JP1026, JP1027, JP1028, JP1029, JP1030, JP1031, JP1032, JP1033, JP1034, JP1035, JP1036, JP1037, JP1038, JP1039, JP1040, JP1041, JP1042, JP1043, JP1044, JP1045, JP1046, JP1047, JP1048, JP1049, JP1050, JP1051, JP1052, JP1053, JP1054, JP1055, JP1056, JP1057, JP1058, JP1059, JP1060, JP1061, JP1062, JP1063, JP1064, JP1065, JP1066, JP1067, JP1068, JP1069, JP1070, JP1071, JP1072, JP1073, JP1074, JP1075, JP1076, JP1077, JP1078, JP1079, JP1080, JP1081, JP1082, JP1083, JP1084, JP1085, JP1086, JP1087, JP1088, JP1089, JP1090, JP1091, JP1092, JP1093, JP1094, JP1095, JP1096, JP1097, JP1098, JP1099, JP1100, JP1101, JP1102, JP1103, JP1104, JP1105, JP1106, JP1107, JP1108, JP1109, JP1110, JP1111, JP1112, JP1113, JP1114, JP1115, JP1116, JP1117, JP1118, JP1119, JP1120, JP1121, JP1122, JP1123, JP1124, JP1125, JP1126, JP1127, JP1128, JP1129, JP1130, JP1131, JP1132, JP1133, JP1134, JP1135, JP1136, JP1137, JP1138, JP1139, JP1140, JP1141, JP1142, JP1143, JP1144",Pin_D1.0mm_L10.0mm_NoRef,144,Conn_01x01_Socket,
